firm,agency,command,prior_sbir,prior_award_match,prior_award_count,transition_contract,transition_value,recipient_uei,year,transition_type,stratum,provenance,has_contract_id,source_url,description
SIMVENTIONS INC,MDA,Missile Defense Agency,FA8750-20-P-1614,exact,43,0009,614000.0,LUPETBHCEU19,2008,procurement,hard,pipeline,yes,data/processed/sbir_phase3/phase3_universe.jsonl,SBIR PHASE III
"GATR TECHNOLOGIES, INC.",MDA,Missile Defense Agency,FA8650-05-M-5019,exact,10,W9113M08C0205,4141299.86,TNMNYWRNFDK9,2008,procurement,hard,pipeline,yes,data/processed/sbir_phase3/phase3_universe.jsonl,PHASE III SBIR - OSD
"CORVID TECHNOLOGIES, LLC",MDA,Missile Defense Agency,140D0420C0031,exact,226,HQ000609C7090,14147014.12,DD7KTEMDG6A5,2009,procurement,hard,pipeline,yes,data/processed/sbir_phase3/phase3_universe.jsonl,SBIR PHASE III RESEARCH AND DEVELOPMENT.
"CORVID TECHNOLOGIES, LLC",MDA,Missile Defense Agency,140D0420C0031,exact,226,HQ014710C7093,2702943.59,DD7KTEMDG6A5,2010,procurement,hard,pipeline,yes,data/processed/sbir_phase3/phase3_universe.jsonl,SBIR PHASE III RESEARCH AND DEVELOPMENT.
SIMVENTIONS INC,MDA,Missile Defense Agency,FA8750-20-P-1614,exact,43,0025,350833.0,LUPETBHCEU19,2010,procurement,hard,pipeline,yes,data/processed/sbir_phase3/phase3_universe.jsonl,SBIR PHASE III
"SAN DIEGO COMPOSITES, INC",MDA,Missile Defense Agency,DASG6002P0064,exact,84,HQ000610C7091,259940.0,W6UDW59QZAZ9,2010,procurement,hard,pipeline,yes,data/processed/sbir_phase3/phase3_universe.jsonl,SBIR PHASE III RESEARCH AND DEVELOPMENT.
TREX ENTERPRISES CORPORATION,MDA,Missile Defense Agency,F29601-01-C-0097,exact,104,HQ014713C7002,6998738.0,RN43FYPYNKP4,2013,procurement,hard,pipeline,yes,data/processed/sbir_phase3/phase3_universe.jsonl,SBIR PHASE III RESEARCH&DEV IGF::OT::IGF
"PLASMA PROCESSES, LLC",MDA,Missile Defense Agency,80NSSC18P1973,exact,147,HQ014716C7904,4698240.0,KAWTP8XNFEK9,2016,procurement,hard,pipeline,yes,data/processed/sbir_phase3/phase3_universe.jsonl,::IGF::OT::IGF SBIR PHASE III
QYNERGY CORPORATION,MDA,Missile Defense Agency,FA9451-18-P-0280,exact,7,HQ014716C7900,1109015.0,CSTJN37QXUL1,2016,procurement,hard,pipeline,yes,data/processed/sbir_phase3/phase3_universe.jsonl,IGF::OT::IGF    SBIR PHASE III  IBAS R&D
"PEOPLETEC, INC.",MDA,Missile Defense Agency,FA9550-16-C-0003,exact,5,HQ014718F7033,3467859.26,RD9KLGSLJGX9,2018,procurement,hard,pipeline,yes,data/processed/sbir_phase3/phase3_universe.jsonl,"SBIR PHASE III-PEOPLETECH, INC.-CORE LETHALITY MODELS (CLMS) R&D- TO EXPAND THE CAPABILITIES, TECHNOLOGIES, AND VALIDATION OF THE CLMS TO PROVIDE MORE ROBUST, H"
SCITEC INNOVATIONS LLC,MDA,Missile Defense Agency,140D0423C0002,fuzzy,45,HQ014718F7010,271849.64,H2A8W4DR7223,2018,procurement,hard,pipeline,yes,data/processed/sbir_phase3/phase3_universe.jsonl,SBIR PHASE III; PHYSICS-BASED TYPING
"EXOTHERMICS, INC.",MDA,Missile Defense Agency,DASG60-00-M-0091,exact,24,HQ014719C7900,2513654.0,MK67J7CM7JX7,2019,procurement,hard,pipeline,yes,data/processed/sbir_phase3/phase3_universe.jsonl,SBIR PHASE III R&D;HIGH TEMPERATURE SEEKER WINDOW
IERUS TECHNOLOGIES INC,MDA,Missile Defense Agency,6SVL4-22-C-0016,exact,98,HQ014719F5050,859826.0,H1ZRXJKFZ4K7,2019,procurement,hard,pipeline,yes,data/processed/sbir_phase3/phase3_universe.jsonl,SBIR PHASE III R&D
"MODUS OPERANDI, INC.",MDA,Missile Defense Agency,06.01-3370,exact,165,HQ014719C7301,499766.38,HMADMY8YKVP5,2019,procurement,hard,pipeline,yes,data/processed/sbir_phase3/phase3_universe.jsonl,"SBIR PHASE III R&D BASE YEAR; FRAUD, WASTE, AND ABUSE TOOL"
LITHIUMSTART INC,MDA,Missile Defense Agency,HQ0147-13-C-7336,exact,3,HQ014719C7300,498116.0,HJRMPRLZQBP7,2019,procurement,hard,pipeline,yes,data/processed/sbir_phase3/phase3_universe.jsonl,SBIR PHASE III RESEARCH AND DEVELOPMENT - DESIGN OF ENERGY STORAGE SYSTEM (ESS) FOR THE ENERGY MAGAZINE LASER (EML)
INTEGRATION INNOVATION INC,MDA,Missile Defense Agency,HQ0147-17-C-7507,exact,4,HQ086020F7003,2480762.0,VKJRFGZ6NVP4,2020,procurement,hard,pipeline,yes,data/processed/sbir_phase3/phase3_universe.jsonl,SBIR PHASE III RESEARCH AND DEVELOPMENT - ADVANCED MATERIALS TESTING
"FIFTH GAIT TECHNOLOGIES, INC.",MDA,Missile Defense Agency,80NSSC21C0180,exact,13,HQ086020F7001,2244945.0,MF74GAKADKA7,2020,procurement,hard,pipeline,yes,data/processed/sbir_phase3/phase3_universe.jsonl,SBIR PHASE III RESEARCH&DEVELOPMENT - TEST METHODOLOGY AND EQUIPMENT FOR RADIATION HARDENED INTERCEPTORS.
"PEOPLETEC, INC.",MDA,Missile Defense Agency,FA9550-16-C-0003,exact,5,HQ086020F0007,877345.0,RD9KLGSLJGX9,2020,procurement,hard,pipeline,yes,data/processed/sbir_phase3/phase3_universe.jsonl,"SBIR PHASE III RESEARCH AND DEVELOPMENT: TESTING, MODELING, ANALYSIS AND DATA MINING OF BMDS LETHALITY PERFORMANCE AND SCENE CHARACTERIZATION"
NOU SYSTEMS INC,MDA,Missile Defense Agency,80NSSC23PB508,exact,71,HQ086021F0010,2106973.0,CSPJJ1VXPMT9,2021,procurement,hard,pipeline,yes,data/processed/sbir_phase3/phase3_universe.jsonl,SBIR PHASE III SUBCONTRACTOR TASK ORDER 0001 A STREAMLINED SCENARIO INTEGRATION SOFTWARE PRODUCTIZATION
"PEOPLETEC, INC.",MDA,Missile Defense Agency,FA9550-16-C-0003,exact,5,HQ086021F0008,745781.0,RD9KLGSLJGX9,2021,procurement,hard,pipeline,yes,data/processed/sbir_phase3/phase3_universe.jsonl,SBIR PHASE III RESEARCH & DEVELOPMENT: GROUND-BASED MIDCOURSE DEFENSE LETHALITY TESTING AND ANALYSIS SUPPORT
IERUS TECHNOLOGIES INC,MDA,Missile Defense Agency,6SVL4-22-C-0016,exact,98,HQ086021F0021,386797.0,H1ZRXJKFZ4K7,2021,procurement,hard,pipeline,yes,data/processed/sbir_phase3/phase3_universe.jsonl,SBIR PHASE III R & D EXPANDED UNCERTAINTIES MODELING AND TESTING
NOU SYSTEMS INC,MDA,Missile Defense Agency,80NSSC23PB508,exact,71,HQ086022F0001,2786342.0,CSPJJ1VXPMT9,2022,procurement,hard,pipeline,yes,data/processed/sbir_phase3/phase3_universe.jsonl,SBIR PHASE III R&D LABOR TASK ORDER 0002 A STREAMLINED SCENARIO INTEGRATION SOFTWARE TOOLSET
"PEOPLETEC, INC.",MDA,Missile Defense Agency,FA9550-16-C-0003,exact,5,HQ086022F0007,2206804.0,RD9KLGSLJGX9,2022,procurement,hard,pipeline,yes,data/processed/sbir_phase3/phase3_universe.jsonl,SBIR PHASE III RESEARCH AND DEVELOPMENT TASK ORDER 0004 GROUND-BASED MIDCOURSE DEFENSE LETHALITY TESTING AND ANALYSIS SUPPORT
INTEGRATION INNOVATION INC,MDA,Missile Defense Agency,HQ0147-17-C-7507,exact,4,HQ086022F0018,1332122.0,VKJRFGZ6NVP4,2022,procurement,hard,pipeline,yes,data/processed/sbir_phase3/phase3_universe.jsonl,SBIR PHASE III RESEARCH AND DEVELOPMENT
"PEOPLETEC, INC.",MDA,Missile Defense Agency,FA9550-16-C-0003,exact,5,HQ086022F0006,314070.0,RD9KLGSLJGX9,2022,procurement,hard,pipeline,yes,data/processed/sbir_phase3/phase3_universe.jsonl,SBIR PHASE III R&D TASK ORDER 0003 MIGRATION OF THE MASTER LEGACY LETHALITY DATABASE (LLD) REPOSITORY
IERUS TECHNOLOGIES INC,MDA,Missile Defense Agency,6SVL4-22-C-0016,exact,98,HQ086023F0003,1195365.0,H1ZRXJKFZ4K7,2023,procurement,hard,pipeline,yes,data/processed/sbir_phase3/phase3_universe.jsonl,SBIR PHASE III R & D
"PEOPLETEC, INC.",MDA,Missile Defense Agency,FA9550-16-C-0003,exact,5,HQ086023F0005,312726.0,RD9KLGSLJGX9,2023,procurement,hard,pipeline,yes,data/processed/sbir_phase3/phase3_universe.jsonl,SBIR PHASE III RESEARCH AND DEVELOPMENT
"PEOPLETEC, INC.",MDA,Missile Defense Agency,FA9550-16-C-0003,exact,5,HQ086023F0006,275471.0,RD9KLGSLJGX9,2023,procurement,hard,pipeline,yes,data/processed/sbir_phase3/phase3_universe.jsonl,SBIR PHASE III ODCS
WYZKYDS CONSULTING LLC,MDA,Missile Defense Agency,HQ0860-22-C-7002,exact,1,HQ086023C7200,21494726.0,KSQSKYF8V7G9,2023,procurement,hard,pipeline,yes,data/processed/sbir_phase3/phase3_universe.jsonl,"SBIR PH III R&D THERMALLY INSENSITIVE, RADIATION HARDENED TELESCOPE"
"VALT ENTERPRIZES, INC.",MDA,Missile Defense Agency,HQ0860-21-C-7100,exact,1,HQ086024C7303,17307609.0,K6W5KB4YG528,2024,procurement,hard,pipeline,yes,data/processed/sbir_phase3/phase3_universe.jsonl,SBIR PHASE III
"CONTROL VISION, INC.",MDA,Missile Defense Agency,FA8650-12-M-2276,exact,20,HQ086024C7300,4868184.47,R8JXQKWDQHK4,2024,procurement,hard,pipeline,yes,data/processed/sbir_phase3/phase3_universe.jsonl,"SBIR PHASE III R&D, IRBM/ICBM CAMERA UPGRADE"
"WELKIN SCIENCES, LLC",MDA,Missile Defense Agency,FA8750-13-C-0215,exact,37,HQ085224C7001,1340313.0,UMMSV9GTE5K1,2024,procurement,hard,pipeline,yes,data/processed/sbir_phase3/phase3_universe.jsonl,CONFIGURABLE LINK TEST SET-LOW COST (COLTS-LC) DISTRIBUTION UNITS SBIR PHASE III
"MODUS OPERANDI, INC.",MDA,Missile Defense Agency,06.01-3370,exact,165,HQ086024C7301,642299.0,HMADMY8YKVP5,2024,procurement,hard,pipeline,yes,data/processed/sbir_phase3/phase3_universe.jsonl,"SBIR PHASE III, FRAUD, WASTE, AND ABUSE TOOL/DUE DILIGENCE"
ULTRAMET,MDA,Missile Defense Agency,0231685,exact,392,HQ086025C7300,1764988.0,N8ZRMWX85NZ6,2025,procurement,hard,pipeline,yes,data/processed/sbir_phase3/phase3_universe.jsonl,SBIR PHASE III R&D DEVELOPMENT AND DEMONSTRATION OF CVD HIGH TEMPERATURE OXIDATION PROTECTION COATINGS ON SCALABLE C/C MATERIALS
POLARIS SENSOR TECHNOLOGIES INC,MDA,Missile Defense Agency,140D04-19-C-0027,exact,133,HQ086025C7301,1561376.0,QLWWT11B15B3,2025,procurement,hard,pipeline,yes,data/processed/sbir_phase3/phase3_universe.jsonl,SBIR PHASE III R&D(TASK 1 - 2): LONGER RANGE MANEUVERABLE INTERCEPTOR APERTURE TECHNOLOGY: AO MODEL VALIDATION & AUTOMATED END TO END AEROTHERMAL AO SIM
