juris,Program,Phase,published,usable,recomputed,delta,tolerance,within_tolerance,report_year,exclusion_reason
AK,SBIR,Phase I,2,True,2,0,6,True,2019,
AK,SBIR,Phase II,0,True,0,0,6,True,2019,
AK,STTR,Phase I,1,True,1,0,6,True,2019,
AK,STTR,Phase II,0,True,0,0,6,True,2019,
AL,SBIR,Phase I,66,True,66,0,13,True,2019,
AL,SBIR,Phase II,29,True,27,-2,6,True,2019,
AL,STTR,Phase I,22,True,21,-1,6,True,2019,
AL,STTR,Phase II,7,True,6,-1,6,True,2019,
AR,SBIR,Phase I,9,True,9,0,6,True,2019,
AR,SBIR,Phase II,3,True,3,0,6,True,2019,
AR,STTR,Phase I,1,True,1,0,6,True,2019,
AR,STTR,Phase II,1,True,0,-1,6,True,2019,
AZ,SBIR,Phase I,80,True,82,2,16,True,2019,
AZ,SBIR,Phase II,29,True,28,-1,6,True,2019,
AZ,STTR,Phase I,19,True,18,-1,6,True,2019,
AZ,STTR,Phase II,5,True,5,0,6,True,2019,
CA,SBIR,Phase I,849,True,834,-15,170,True,2019,
CA,SBIR,Phase II,444,True,435,-9,89,True,2019,
CA,STTR,Phase I,80,True,78,-2,16,True,2019,
CA,STTR,Phase II,35,True,34,-1,7,True,2019,
CO,SBIR,Phase I,180,True,185,5,36,True,2019,
CO,SBIR,Phase II,115,True,121,6,23,True,2019,
CO,STTR,Phase I,26,True,26,0,6,True,2019,
CO,STTR,Phase II,11,True,11,0,6,True,2019,
CT,SBIR,Phase I,55,True,59,4,11,True,2019,
CT,SBIR,Phase II,30,True,31,1,6,True,2019,
CT,STTR,Phase I,8,True,10,2,6,True,2019,
CT,STTR,Phase II,3,True,3,0,6,True,2019,
DC,SBIR,Phase I,21,True,18,-3,6,True,2019,
DC,SBIR,Phase II,12,True,8,-4,6,True,2019,
DC,STTR,Phase I,4,True,4,0,6,True,2019,
DC,STTR,Phase II,2,True,2,0,6,True,2019,
DE,SBIR,Phase I,21,True,23,2,6,True,2019,
DE,SBIR,Phase II,9,True,5,-4,6,True,2019,
DE,STTR,Phase I,8,True,7,-1,6,True,2019,
DE,STTR,Phase II,3,True,4,1,6,True,2019,
FL,SBIR,Phase I,111,True,119,8,22,True,2019,
FL,SBIR,Phase II,71,True,82,11,14,True,2019,
FL,STTR,Phase I,20,True,23,3,6,True,2019,
FL,STTR,Phase II,9,True,9,0,6,True,2019,
GA,SBIR,Phase I,62,True,61,-1,12,True,2019,
GA,SBIR,Phase II,23,True,22,-1,6,True,2019,
GA,STTR,Phase I,10,True,9,-1,6,True,2019,
GA,STTR,Phase II,2,True,2,0,6,True,2019,
HI,SBIR,Phase I,26,True,26,0,6,True,2019,
HI,SBIR,Phase II,19,True,20,1,6,True,2019,
HI,STTR,Phase I,6,True,6,0,6,True,2019,
HI,STTR,Phase II,2,True,2,0,6,True,2019,
IA,SBIR,Phase I,17,True,17,0,6,True,2019,
IA,SBIR,Phase II,4,True,3,-1,6,True,2019,
IA,STTR,Phase I,2,True,2,0,6,True,2019,
IA,STTR,Phase II,1,True,1,0,6,True,2019,
ID,SBIR,Phase I,6,True,7,1,6,True,2019,
ID,SBIR,Phase II,1,True,0,-1,6,True,2019,
ID,STTR,Phase I,0,True,0,0,6,True,2019,
ID,STTR,Phase II,0,True,0,0,6,True,2019,
IL,SBIR,Phase I,95,True,92,-3,19,True,2019,
IL,SBIR,Phase II,31,True,32,1,6,True,2019,
IL,STTR,Phase I,24,True,27,3,6,True,2019,
IL,STTR,Phase II,9,True,9,0,6,True,2019,
IN,SBIR,Phase I,42,True,41,-1,8,True,2019,
IN,SBIR,Phase II,15,True,17,2,6,True,2019,
IN,STTR,Phase I,8,True,10,2,6,True,2019,
IN,STTR,Phase II,2,True,2,0,6,True,2019,
KS,SBIR,Phase I,17,True,13,-4,6,True,2019,
KS,SBIR,Phase II,2,True,2,0,6,True,2019,
KS,STTR,Phase I,2,True,2,0,6,True,2019,
KS,STTR,Phase II,0,True,0,0,6,True,2019,
KY,SBIR,Phase I,16,True,12,-4,6,True,2019,
KY,SBIR,Phase II,11,True,10,-1,6,True,2019,
KY,STTR,Phase I,3,True,2,-1,6,True,2019,
KY,STTR,Phase II,3,True,2,-1,6,True,2019,
LA,SBIR,Phase I,15,True,15,0,6,True,2019,
LA,SBIR,Phase II,8,True,8,0,6,True,2019,
LA,STTR,Phase I,5,True,5,0,6,True,2019,
LA,STTR,Phase II,0,True,0,0,6,True,2019,
MA,SBIR,Phase I,393,True,390,-3,79,True,2019,
MA,SBIR,Phase II,233,True,235,2,47,True,2019,
MA,STTR,Phase I,70,True,71,1,14,True,2019,
MA,STTR,Phase II,30,True,31,1,6,True,2019,
MD,SBIR,Phase I,167,True,177,10,33,True,2019,
MD,SBIR,Phase II,97,True,106,9,19,True,2019,
MD,STTR,Phase I,28,True,28,0,6,True,2019,
MD,STTR,Phase II,11,True,14,3,6,True,2019,
ME,SBIR,Phase I,6,True,8,2,6,True,2019,
ME,SBIR,Phase II,2,True,3,1,6,True,2019,
ME,STTR,Phase I,1,True,1,0,6,True,2019,
ME,STTR,Phase II,0,True,0,0,6,True,2019,
MH,SBIR,Phase I,0,True,0,0,6,True,2019,
MH,SBIR,Phase II,1,False,0,-1,6,True,2019,"out_of_grid_jurisdiction: us-jurisdiction-strict-v1 carries no Marshall Islands code, so the one FY2019 MH export row (SBIR Phase II, Dept of Agriculture) cannot reach this cell; published 1 against a forced 0 is a profile artifact, not a database difference"
MH,STTR,Phase I,15,False,0,-15,6,False,2019,sttr_phase_misaligned: published phase columns displaced one row
MH,STTR,Phase II,8,False,0,-8,6,False,2019,sttr_phase_misaligned: published phase columns displaced one row
MI,SBIR,Phase I,87,True,89,2,17,True,2019,
MI,SBIR,Phase II,49,True,49,0,10,True,2019,
MI,STTR,Phase I,7,False,14,7,6,False,2019,sttr_phase_misaligned: published phase columns displaced one row
MI,STTR,Phase II,3,False,6,3,6,True,2019,sttr_phase_misaligned: published phase columns displaced one row
MN,SBIR,Phase I,52,True,50,-2,10,True,2019,
MN,SBIR,Phase II,34,True,33,-1,7,True,2019,
MN,STTR,Phase I,15,False,9,-6,6,True,2019,sttr_phase_misaligned: published phase columns displaced one row
MN,STTR,Phase II,2,False,3,1,6,True,2019,sttr_phase_misaligned: published phase columns displaced one row
MO,SBIR,Phase I,32,True,31,-1,6,True,2019,
MO,SBIR,Phase II,13,True,14,1,6,True,2019,
MO,STTR,Phase I,2,False,16,14,6,False,2019,sttr_phase_misaligned: published phase columns displaced one row
MO,STTR,Phase II,0,False,2,2,6,True,2019,sttr_phase_misaligned: published phase columns displaced one row
MS,SBIR,Phase I,1,True,1,0,6,True,2019,
MS,SBIR,Phase II,1,True,1,0,6,True,2019,
MS,STTR,Phase I,1,False,2,1,6,True,2019,sttr_phase_misaligned: published phase columns displaced one row
MS,STTR,Phase II,1,False,0,-1,6,True,2019,sttr_phase_misaligned: published phase columns displaced one row
