report_year,table_number,jurisdiction,program,phase,published_count,recomputed_count,signed_difference,absolute_difference,comparison_status
2020,18,AK,SBIR,Phase I,3,3,0,0,exact
2020,18,AK,SBIR,Phase II,0,0,0,0,exact
2020,18,AK,STTR,Phase I,0,0,0,0,exact
2020,18,AK,STTR,Phase II,0,0,0,0,exact
2020,18,AL,SBIR,Phase I,68,71,3,3,unresolved
2020,18,AL,SBIR,Phase II,37,38,1,1,unresolved
2020,18,AL,STTR,Phase I,18,18,0,0,exact
2020,18,AL,STTR,Phase II,8,8,0,0,exact
2020,18,AR,SBIR,Phase I,11,11,0,0,exact
2020,18,AR,SBIR,Phase II,7,8,1,1,unresolved
2020,18,AR,STTR,Phase I,4,4,0,0,exact
2020,18,AR,STTR,Phase II,0,0,0,0,exact
2020,18,AZ,SBIR,Phase I,74,77,3,3,unresolved
2020,18,AZ,SBIR,Phase II,35,39,4,4,unresolved
2020,18,AZ,STTR,Phase I,20,18,-2,2,unresolved
2020,18,AZ,STTR,Phase II,5,4,-1,1,unresolved
2020,18,CA,SBIR,Phase I,834,813,-21,21,unresolved
2020,18,CA,SBIR,Phase II,466,489,23,23,unresolved
2020,18,CA,STTR,Phase I,120,121,1,1,unresolved
2020,18,CA,STTR,Phase II,43,42,-1,1,unresolved
2020,18,CO,SBIR,Phase I,199,208,9,9,unresolved
2020,18,CO,SBIR,Phase II,97,104,7,7,unresolved
2020,18,CO,STTR,Phase I,25,26,1,1,unresolved
2020,18,CO,STTR,Phase II,15,14,-1,1,unresolved
2020,18,CT,SBIR,Phase I,36,41,5,5,unresolved
2020,18,CT,SBIR,Phase II,28,33,5,5,unresolved
2020,18,CT,STTR,Phase I,7,7,0,0,exact
2020,18,CT,STTR,Phase II,3,3,0,0,exact
2020,18,DC,SBIR,Phase I,29,24,-5,5,unresolved
2020,18,DC,SBIR,Phase II,12,12,0,0,exact
2020,18,DC,STTR,Phase I,4,3,-1,1,unresolved
2020,18,DC,STTR,Phase II,1,1,0,0,exact
2020,18,DE,SBIR,Phase I,19,18,-1,1,unresolved
2020,18,DE,SBIR,Phase II,10,12,2,2,unresolved
2020,18,DE,STTR,Phase I,11,10,-1,1,unresolved
2020,18,DE,STTR,Phase II,2,1,-1,1,unresolved
2020,18,FL,SBIR,Phase I,128,137,9,9,unresolved
2020,18,FL,SBIR,Phase II,49,58,9,9,unresolved
2020,18,FL,STTR,Phase I,21,25,4,4,unresolved
2020,18,FL,STTR,Phase II,11,15,4,4,unresolved
2020,18,GA,SBIR,Phase I,42,43,1,1,unresolved
2020,18,GA,SBIR,Phase II,26,27,1,1,unresolved
2020,18,GA,STTR,Phase I,16,19,3,3,unresolved
2020,18,GA,STTR,Phase II,5,4,-1,1,unresolved
2020,18,HI,SBIR,Phase I,25,24,-1,1,unresolved
2020,18,HI,SBIR,Phase II,19,21,2,2,unresolved
2020,18,HI,STTR,Phase I,2,2,0,0,exact
2020,18,HI,STTR,Phase II,1,1,0,0,exact
2020,18,IA,SBIR,Phase I,5,7,2,2,unresolved
2020,18,IA,SBIR,Phase II,11,11,0,0,exact
2020,18,IA,STTR,Phase I,3,3,0,0,exact
2020,18,IA,STTR,Phase II,1,1,0,0,exact
2020,18,ID,SBIR,Phase I,9,8,-1,1,unresolved
2020,18,ID,SBIR,Phase II,4,5,1,1,unresolved
2020,18,ID,STTR,Phase I,1,0,-1,1,unresolved
2020,18,ID,STTR,Phase II,0,0,0,0,exact
2020,18,IL,SBIR,Phase I,74,78,4,4,unresolved
2020,18,IL,SBIR,Phase II,43,43,0,0,exact
2020,18,IL,STTR,Phase I,20,17,-3,3,unresolved
2020,18,IL,STTR,Phase II,7,8,1,1,unresolved
2020,18,IN,SBIR,Phase I,24,28,4,4,unresolved
2020,18,IN,SBIR,Phase II,17,19,2,2,unresolved
2020,18,IN,STTR,Phase I,8,10,2,2,unresolved
2020,18,IN,STTR,Phase II,7,7,0,0,exact
2020,18,KS,SBIR,Phase I,14,13,-1,1,unresolved
2020,18,KS,SBIR,Phase II,7,8,1,1,unresolved
2020,18,KS,STTR,Phase I,2,2,0,0,exact
2020,18,KS,STTR,Phase II,2,2,0,0,exact
2020,18,KY,SBIR,Phase I,21,15,-6,6,unresolved
2020,18,KY,SBIR,Phase II,13,9,-4,4,unresolved
2020,18,KY,STTR,Phase I,4,2,-2,2,unresolved
2020,18,KY,STTR,Phase II,1,1,0,0,exact
2020,18,LA,SBIR,Phase I,14,17,3,3,unresolved
2020,18,LA,SBIR,Phase II,9,9,0,0,exact
2020,18,LA,STTR,Phase I,6,6,0,0,exact
2020,18,LA,STTR,Phase II,1,1,0,0,exact
2020,18,MA,SBIR,Phase I,428,429,1,1,unresolved
2020,18,MA,SBIR,Phase II,204,210,6,6,unresolved
2020,18,MA,STTR,Phase I,60,60,0,0,exact
2020,18,MA,STTR,Phase II,26,26,0,0,exact
2020,18,MD,SBIR,Phase I,178,201,23,23,unresolved
2020,18,MD,SBIR,Phase II,112,116,4,4,unresolved
2020,18,MD,STTR,Phase I,41,40,-1,1,unresolved
2020,18,MD,STTR,Phase II,15,16,1,1,unresolved
2020,18,ME,SBIR,Phase I,8,9,1,1,unresolved
2020,18,ME,SBIR,Phase II,4,4,0,0,exact
2020,18,ME,STTR,Phase I,2,2,0,0,exact
2020,18,ME,STTR,Phase II,0,0,0,0,exact
2020,18,MH,SBIR,Phase I,0,0,0,0,exact
2020,18,MH,SBIR,Phase II,0,0,0,0,exact
2020,18,MH,STTR,Phase I,0,0,0,0,exact
2020,18,MH,STTR,Phase II,0,0,0,0,exact
2020,18,MI,SBIR,Phase I,81,81,0,0,exact
2020,18,MI,SBIR,Phase II,40,44,4,4,unresolved
2020,18,MI,STTR,Phase I,15,15,0,0,exact
2020,18,MI,STTR,Phase II,11,11,0,0,exact
2020,18,MN,SBIR,Phase I,41,45,4,4,unresolved
2020,18,MN,SBIR,Phase II,29,30,1,1,unresolved
2020,18,MN,STTR,Phase I,7,7,0,0,exact
2020,18,MN,STTR,Phase II,0,0,0,0,exact
2020,18,MO,SBIR,Phase I,32,31,-1,1,unresolved
2020,18,MO,SBIR,Phase II,16,17,1,1,unresolved
2020,18,MO,STTR,Phase I,5,5,0,0,exact
2020,18,MO,STTR,Phase II,3,3,0,0,exact
2020,18,MS,SBIR,Phase I,3,3,0,0,exact
2020,18,MS,SBIR,Phase II,2,1,-1,1,unresolved
2020,18,MS,STTR,Phase I,0,0,0,0,exact
2020,18,MS,STTR,Phase II,0,0,0,0,exact
2020,18,MT,SBIR,Phase I,8,10,2,2,unresolved
2020,18,MT,SBIR,Phase II,7,9,2,2,unresolved
2020,18,MT,STTR,Phase I,6,6,0,0,exact
2020,18,MT,STTR,Phase II,2,2,0,0,exact
2020,18,NC,SBIR,Phase I,96,109,13,13,unresolved
2020,18,NC,SBIR,Phase II,73,79,6,6,unresolved
2020,18,NC,STTR,Phase I,31,32,1,1,unresolved
2020,18,NC,STTR,Phase II,10,11,1,1,unresolved
2020,18,ND,SBIR,Phase I,2,4,2,2,unresolved
2020,18,ND,SBIR,Phase II,0,0,0,0,exact
2020,18,ND,STTR,Phase I,0,0,0,0,exact
2020,18,ND,STTR,Phase II,0,0,0,0,exact
2020,18,NE,SBIR,Phase I,12,13,1,1,unresolved
2020,18,NE,SBIR,Phase II,3,3,0,0,exact
2020,18,NE,STTR,Phase I,2,2,0,0,exact
2020,18,NE,STTR,Phase II,0,0,0,0,exact
2020,18,NH,SBIR,Phase I,37,40,3,3,unresolved
2020,18,NH,SBIR,Phase II,40,47,7,7,unresolved
2020,18,NH,STTR,Phase I,8,7,-1,1,unresolved
2020,18,NH,STTR,Phase II,2,2,0,0,exact
2020,18,NJ,SBIR,Phase I,67,68,1,1,unresolved
2020,18,NJ,SBIR,Phase II,37,39,2,2,unresolved
2020,18,NJ,STTR,Phase I,24,23,-1,1,unresolved
2020,18,NJ,STTR,Phase II,1,1,0,0,exact
2020,18,NM,SBIR,Phase I,33,34,1,1,unresolved
2020,18,NM,SBIR,Phase II,12,14,2,2,unresolved
2020,18,NM,STTR,Phase I,8,6,-2,2,unresolved
2020,18,NM,STTR,Phase II,6,5,-1,1,unresolved
2020,18,NV,SBIR,Phase I,11,15,4,4,unresolved
2020,18,NV,SBIR,Phase II,2,3,1,1,unresolved
2020,18,NV,STTR,Phase I,0,1,1,1,unresolved
2020,18,NV,STTR,Phase II,1,1,0,0,exact
2020,18,NY,SBIR,Phase I,182,172,-10,10,unresolved
2020,18,NY,SBIR,Phase II,100,99,-1,1,unresolved
2020,18,NY,STTR,Phase I,32,32,0,0,exact
2020,18,NY,STTR,Phase II,17,17,0,0,exact
2020,18,OH,SBIR,Phase I,150,146,-4,4,unresolved
2020,18,OH,SBIR,Phase II,83,82,-1,1,unresolved
2020,18,OH,STTR,Phase I,37,37,0,0,exact
2020,18,OH,STTR,Phase II,12,11,-1,1,unresolved
2020,18,OK,SBIR,Phase I,11,11,0,0,exact
2020,18,OK,SBIR,Phase II,7,9,2,2,unresolved
2020,18,OK,STTR,Phase I,4,4,0,0,exact
2020,18,OK,STTR,Phase II,3,3,0,0,exact
2020,18,OR,SBIR,Phase I,51,51,0,0,exact
2020,18,OR,SBIR,Phase II,21,20,-1,1,unresolved
2020,18,OR,STTR,Phase I,9,9,0,0,exact
2020,18,OR,STTR,Phase II,0,0,0,0,exact
2020,18,PA,SBIR,Phase I,138,138,0,0,exact
2020,18,PA,SBIR,Phase II,90,93,3,3,unresolved
2020,18,PA,STTR,Phase I,30,29,-1,1,unresolved
2020,18,PA,STTR,Phase II,16,16,0,0,exact
2020,18,PR,SBIR,Phase I,0,0,0,0,exact
2020,18,PR,SBIR,Phase II,2,2,0,0,exact
2020,18,PR,STTR,Phase I,0,0,0,0,exact
2020,18,PR,STTR,Phase II,0,0,0,0,exact
2020,18,RI,SBIR,Phase I,15,17,2,2,unresolved
2020,18,RI,SBIR,Phase II,8,8,0,0,exact
2020,18,RI,STTR,Phase I,3,2,-1,1,unresolved
2020,18,RI,STTR,Phase II,0,0,0,0,exact
2020,18,SC,SBIR,Phase I,25,25,0,0,exact
2020,18,SC,SBIR,Phase II,10,11,1,1,unresolved
2020,18,SC,STTR,Phase I,5,6,1,1,unresolved
2020,18,SC,STTR,Phase II,0,1,1,1,unresolved
2020,18,SD,SBIR,Phase I,8,5,-3,3,unresolved
2020,18,SD,SBIR,Phase II,4,3,-1,1,unresolved
2020,18,SD,STTR,Phase I,4,4,0,0,exact
2020,18,SD,STTR,Phase II,2,2,0,0,exact
2020,18,TN,SBIR,Phase I,34,38,4,4,unresolved
2020,18,TN,SBIR,Phase II,19,18,-1,1,unresolved
2020,18,TN,STTR,Phase I,11,11,0,0,exact
2020,18,TN,STTR,Phase II,5,5,0,0,exact
2020,18,TX,SBIR,Phase I,229,239,10,10,unresolved
2020,18,TX,SBIR,Phase II,85,92,7,7,unresolved
2020,18,TX,STTR,Phase I,46,47,1,1,unresolved
2020,18,TX,STTR,Phase II,13,13,0,0,exact
2020,18,UT,SBIR,Phase I,57,57,0,0,exact
2020,18,UT,SBIR,Phase II,36,41,5,5,unresolved
2020,18,UT,STTR,Phase I,5,3,-2,2,unresolved
2020,18,UT,STTR,Phase II,2,1,-1,1,unresolved
2020,18,VA,SBIR,Phase I,243,249,6,6,unresolved
2020,18,VA,SBIR,Phase II,152,154,2,2,unresolved
2020,18,VA,STTR,Phase I,29,31,2,2,unresolved
2020,18,VA,STTR,Phase II,18,17,-1,1,unresolved
2020,18,VT,SBIR,Phase I,14,14,0,0,exact
2020,18,VT,SBIR,Phase II,9,9,0,0,exact
2020,18,VT,STTR,Phase I,0,0,0,0,exact
2020,18,VT,STTR,Phase II,2,2,0,0,exact
2020,18,WA,SBIR,Phase I,82,80,-2,2,unresolved
2020,18,WA,SBIR,Phase II,51,50,-1,1,unresolved
2020,18,WA,STTR,Phase I,16,19,3,3,unresolved
2020,18,WA,STTR,Phase II,2,2,0,0,exact
2020,18,WI,SBIR,Phase I,18,21,3,3,unresolved
2020,18,WI,SBIR,Phase II,11,14,3,3,unresolved
2020,18,WI,STTR,Phase I,8,7,-1,1,unresolved
2020,18,WI,STTR,Phase II,2,2,0,0,exact
2020,18,WV,SBIR,Phase I,2,6,4,4,unresolved
2020,18,WV,SBIR,Phase II,3,2,-1,1,unresolved
2020,18,WV,STTR,Phase I,3,4,1,1,unresolved
2020,18,WV,STTR,Phase II,3,3,0,0,exact
2020,18,WY,SBIR,Phase I,7,7,0,0,exact
2020,18,WY,SBIR,Phase II,5,6,1,1,unresolved
2020,18,WY,STTR,Phase I,5,5,0,0,exact
2020,18,WY,STTR,Phase II,2,2,0,0,exact
2021,18,AK,SBIR,Phase I,3,1,-2,2,unresolved
2021,18,AK,SBIR,Phase II,0,0,0,0,exact
2021,18,AK,STTR,Phase I,1,0,-1,1,unresolved
2021,18,AK,STTR,Phase II,0,0,0,0,exact
2021,18,AL,SBIR,Phase I,56,59,3,3,unresolved
2021,18,AL,SBIR,Phase II,35,37,2,2,unresolved
2021,18,AL,STTR,Phase I,20,20,0,0,exact
2021,18,AL,STTR,Phase II,6,6,0,0,exact
2021,18,AR,SBIR,Phase I,8,8,0,0,exact
2021,18,AR,SBIR,Phase II,5,5,0,0,exact
2021,18,AR,STTR,Phase I,6,7,1,1,unresolved
2021,18,AR,STTR,Phase II,0,1,1,1,unresolved
2021,18,AZ,SBIR,Phase I,60,61,1,1,unresolved
2021,18,AZ,SBIR,Phase II,44,45,1,1,unresolved
2021,18,AZ,STTR,Phase I,17,17,0,0,exact
2021,18,AZ,STTR,Phase II,11,9,-2,2,unresolved
2021,18,CA,SBIR,Phase I,750,764,14,14,unresolved
2021,18,CA,SBIR,Phase II,427,425,-2,2,unresolved
2021,18,CA,STTR,Phase I,165,163,-2,2,unresolved
2021,18,CA,STTR,Phase II,43,43,0,0,exact
2021,18,CO,SBIR,Phase I,180,181,1,1,unresolved
2021,18,CO,SBIR,Phase II,107,111,4,4,unresolved
2021,18,CO,STTR,Phase I,41,45,4,4,unresolved
2021,18,CO,STTR,Phase II,11,11,0,0,exact
2021,18,CT,SBIR,Phase I,34,33,-1,1,unresolved
2021,18,CT,SBIR,Phase II,13,15,2,2,unresolved
2021,18,CT,STTR,Phase I,10,10,0,0,exact
2021,18,CT,STTR,Phase II,2,2,0,0,exact
2021,18,DC,SBIR,Phase I,19,18,-1,1,unresolved
2021,18,DC,SBIR,Phase II,7,6,-1,1,unresolved
2021,18,DC,STTR,Phase I,2,2,0,0,exact
2021,18,DC,STTR,Phase II,1,1,0,0,exact
2021,18,DE,SBIR,Phase I,24,22,-2,2,unresolved
2021,18,DE,SBIR,Phase II,9,6,-3,3,unresolved
2021,18,DE,STTR,Phase I,7,8,1,1,unresolved
2021,18,DE,STTR,Phase II,4,6,2,2,unresolved
2021,18,FL,SBIR,Phase I,113,117,4,4,unresolved
2021,18,FL,SBIR,Phase II,75,76,1,1,unresolved
2021,18,FL,STTR,Phase I,32,31,-1,1,unresolved
2021,18,FL,STTR,Phase II,4,5,1,1,unresolved
2021,18,GA,SBIR,Phase I,32,31,-1,1,unresolved
2021,18,GA,SBIR,Phase II,21,23,2,2,unresolved
2021,18,GA,STTR,Phase I,20,20,0,0,exact
2021,18,GA,STTR,Phase II,10,10,0,0,exact
2021,18,HI,SBIR,Phase I,41,40,-1,1,unresolved
2021,18,HI,SBIR,Phase II,15,16,1,1,unresolved
2021,18,HI,STTR,Phase I,4,4,0,0,exact
2021,18,HI,STTR,Phase II,2,2,0,0,exact
2021,18,IA,SBIR,Phase I,12,12,0,0,exact
2021,18,IA,SBIR,Phase II,3,4,1,1,unresolved
2021,18,IA,STTR,Phase I,5,5,0,0,exact
2021,18,IA,STTR,Phase II,1,1,0,0,exact
2021,18,ID,SBIR,Phase I,6,5,-1,1,unresolved
2021,18,ID,SBIR,Phase II,4,4,0,0,exact
2021,18,ID,STTR,Phase I,1,1,0,0,exact
2021,18,ID,STTR,Phase II,0,0,0,0,exact
2021,18,IL,SBIR,Phase I,79,80,1,1,unresolved
2021,18,IL,SBIR,Phase II,45,48,3,3,unresolved
2021,18,IL,STTR,Phase I,26,27,1,1,unresolved
2021,18,IL,STTR,Phase II,7,7,0,0,exact
2021,18,IN,SBIR,Phase I,36,38,2,2,unresolved
2021,18,IN,SBIR,Phase II,17,16,-1,1,unresolved
2021,18,IN,STTR,Phase I,21,23,2,2,unresolved
2021,18,IN,STTR,Phase II,3,3,0,0,exact
2021,18,KS,SBIR,Phase I,11,8,-3,3,unresolved
2021,18,KS,SBIR,Phase II,4,4,0,0,exact
2021,18,KS,STTR,Phase I,11,11,0,0,exact
2021,18,KS,STTR,Phase II,1,1,0,0,exact
2021,18,KY,SBIR,Phase I,20,20,0,0,exact
2021,18,KY,SBIR,Phase II,5,5,0,0,exact
2021,18,KY,STTR,Phase I,4,3,-1,1,unresolved
2021,18,KY,STTR,Phase II,3,2,-1,1,unresolved
2021,18,LA,SBIR,Phase I,16,15,-1,1,unresolved
2021,18,LA,SBIR,Phase II,5,7,2,2,unresolved
2021,18,LA,STTR,Phase I,9,8,-1,1,unresolved
2021,18,LA,STTR,Phase II,1,1,0,0,exact
2021,18,MA,SBIR,Phase I,324,330,6,6,unresolved
2021,18,MA,SBIR,Phase II,244,239,-5,5,unresolved
2021,18,MA,STTR,Phase I,81,78,-3,3,unresolved
2021,18,MA,STTR,Phase II,25,27,2,2,unresolved
2021,18,MD,SBIR,Phase I,148,156,8,8,unresolved
2021,18,MD,SBIR,Phase II,93,99,6,6,unresolved
2021,18,MD,STTR,Phase I,38,40,2,2,unresolved
2021,18,MD,STTR,Phase II,13,14,1,1,unresolved
2021,18,ME,SBIR,Phase I,9,8,-1,1,unresolved
2021,18,ME,SBIR,Phase II,7,8,1,1,unresolved
2021,18,ME,STTR,Phase I,0,0,0,0,exact
2021,18,ME,STTR,Phase II,0,0,0,0,exact
2021,18,MH,SBIR,Phase I,0,0,0,0,exact
2021,18,MH,SBIR,Phase II,0,0,0,0,exact
2021,18,MH,STTR,Phase I,0,0,0,0,exact
2021,18,MH,STTR,Phase II,0,0,0,0,exact
2021,18,MI,SBIR,Phase I,53,50,-3,3,unresolved
2021,18,MI,SBIR,Phase II,29,29,0,0,exact
2021,18,MI,STTR,Phase I,18,18,0,0,exact
2021,18,MI,STTR,Phase II,9,8,-1,1,unresolved
2021,18,MN,SBIR,Phase I,41,40,-1,1,unresolved
2021,18,MN,SBIR,Phase II,21,24,3,3,unresolved
2021,18,MN,STTR,Phase I,8,7,-1,1,unresolved
2021,18,MN,STTR,Phase II,3,2,-1,1,unresolved
2021,18,MO,SBIR,Phase I,19,22,3,3,unresolved
2021,18,MO,SBIR,Phase II,22,20,-2,2,unresolved
2021,18,MO,STTR,Phase I,6,6,0,0,exact
2021,18,MO,STTR,Phase II,6,6,0,0,exact
2021,18,MS,SBIR,Phase I,1,1,0,0,exact
2021,18,MS,SBIR,Phase II,1,1,0,0,exact
2021,18,MS,STTR,Phase I,0,0,0,0,exact
2021,18,MS,STTR,Phase II,0,0,0,0,exact
2021,18,MT,SBIR,Phase I,11,11,0,0,exact
2021,18,MT,SBIR,Phase II,6,4,-2,2,unresolved
2021,18,MT,STTR,Phase I,2,2,0,0,exact
2021,18,MT,STTR,Phase II,3,3,0,0,exact
2021,18,NC,SBIR,Phase I,115,128,13,13,unresolved
2021,18,NC,SBIR,Phase II,75,80,5,5,unresolved
2021,18,NC,STTR,Phase I,31,32,1,1,unresolved
2021,18,NC,STTR,Phase II,6,7,1,1,unresolved
2021,18,ND,SBIR,Phase I,1,1,0,0,exact
2021,18,ND,SBIR,Phase II,0,1,1,1,unresolved
2021,18,ND,STTR,Phase I,0,0,0,0,exact
2021,18,ND,STTR,Phase II,0,0,0,0,exact
2021,18,NE,SBIR,Phase I,5,5,0,0,exact
2021,18,NE,SBIR,Phase II,4,4,0,0,exact
2021,18,NE,STTR,Phase I,2,2,0,0,exact
2021,18,NE,STTR,Phase II,0,0,0,0,exact
2021,18,NH,SBIR,Phase I,35,34,-1,1,unresolved
2021,18,NH,SBIR,Phase II,23,24,1,1,unresolved
2021,18,NH,STTR,Phase I,6,6,0,0,exact
2021,18,NH,STTR,Phase II,2,2,0,0,exact
2021,18,NJ,SBIR,Phase I,56,60,4,4,unresolved
2021,18,NJ,SBIR,Phase II,47,50,3,3,unresolved
2021,18,NJ,STTR,Phase I,22,22,0,0,exact
2021,18,NJ,STTR,Phase II,8,8,0,0,exact
2021,18,NM,SBIR,Phase I,49,48,-1,1,unresolved
2021,18,NM,SBIR,Phase II,21,21,0,0,exact
2021,18,NM,STTR,Phase I,9,9,0,0,exact
2021,18,NM,STTR,Phase II,1,1,0,0,exact
2021,18,NV,SBIR,Phase I,8,7,-1,1,unresolved
2021,18,NV,SBIR,Phase II,2,2,0,0,exact
2021,18,NV,STTR,Phase I,0,2,2,2,unresolved
2021,18,NV,STTR,Phase II,2,2,0,0,exact
2021,18,NY,SBIR,Phase I,142,143,1,1,unresolved
2021,18,NY,SBIR,Phase II,89,85,-4,4,unresolved
2021,18,NY,STTR,Phase I,46,48,2,2,unresolved
2021,18,NY,STTR,Phase II,12,15,3,3,unresolved
2021,18,OH,SBIR,Phase I,135,134,-1,1,unresolved
2021,18,OH,SBIR,Phase II,76,75,-1,1,unresolved
2021,18,OH,STTR,Phase I,76,74,-2,2,unresolved
2021,18,OH,STTR,Phase II,27,26,-1,1,unresolved
2021,18,OK,SBIR,Phase I,18,17,-1,1,unresolved
2021,18,OK,SBIR,Phase II,8,8,0,0,exact
2021,18,OK,STTR,Phase I,8,6,-2,2,unresolved
2021,18,OK,STTR,Phase II,0,0,0,0,exact
2021,18,OR,SBIR,Phase I,49,51,2,2,unresolved
2021,18,OR,SBIR,Phase II,18,20,2,2,unresolved
2021,18,OR,STTR,Phase I,9,9,0,0,exact
2021,18,OR,STTR,Phase II,5,6,1,1,unresolved
2021,18,PA,SBIR,Phase I,115,120,5,5,unresolved
2021,18,PA,SBIR,Phase II,80,74,-6,6,unresolved
2021,18,PA,STTR,Phase I,32,33,1,1,unresolved
2021,18,PA,STTR,Phase II,13,13,0,0,exact
2021,18,PR,SBIR,Phase I,2,2,0,0,exact
2021,18,PR,SBIR,Phase II,0,0,0,0,exact
2021,18,PR,STTR,Phase I,0,0,0,0,exact
2021,18,PR,STTR,Phase II,0,0,0,0,exact
2021,18,RI,SBIR,Phase I,10,12,2,2,unresolved
2021,18,RI,SBIR,Phase II,8,10,2,2,unresolved
2021,18,RI,STTR,Phase I,4,4,0,0,exact
2021,18,RI,STTR,Phase II,2,1,-1,1,unresolved
2021,18,SC,SBIR,Phase I,14,13,-1,1,unresolved
2021,18,SC,SBIR,Phase II,10,12,2,2,unresolved
2021,18,SC,STTR,Phase I,12,12,0,0,exact
2021,18,SC,STTR,Phase II,4,4,0,0,exact
2021,18,SD,SBIR,Phase I,2,2,0,0,exact
2021,18,SD,SBIR,Phase II,2,1,-1,1,unresolved
2021,18,SD,STTR,Phase I,3,2,-1,1,unresolved
2021,18,SD,STTR,Phase II,1,1,0,0,exact
2021,18,TN,SBIR,Phase I,19,21,2,2,unresolved
2021,18,TN,SBIR,Phase II,18,16,-2,2,unresolved
2021,18,TN,STTR,Phase I,12,11,-1,1,unresolved
2021,18,TN,STTR,Phase II,3,3,0,0,exact
2021,18,TX,SBIR,Phase I,206,216,10,10,unresolved
2021,18,TX,SBIR,Phase II,99,105,6,6,unresolved
2021,18,TX,STTR,Phase I,60,61,1,1,unresolved
2021,18,TX,STTR,Phase II,15,14,-1,1,unresolved
2021,18,UT,SBIR,Phase I,35,38,3,3,unresolved
2021,18,UT,SBIR,Phase II,20,22,2,2,unresolved
2021,18,UT,STTR,Phase I,19,17,-2,2,unresolved
2021,18,UT,STTR,Phase II,3,3,0,0,exact
2021,18,VA,SBIR,Phase I,184,183,-1,1,unresolved
2021,18,VA,SBIR,Phase II,134,137,3,3,unresolved
2021,18,VA,STTR,Phase I,53,52,-1,1,unresolved
2021,18,VA,STTR,Phase II,20,22,2,2,unresolved
2021,18,VT,SBIR,Phase I,9,10,1,1,unresolved
2021,18,VT,SBIR,Phase II,5,4,-1,1,unresolved
2021,18,VT,STTR,Phase I,1,1,0,0,exact
2021,18,VT,STTR,Phase II,0,0,0,0,exact
2021,18,WA,SBIR,Phase I,80,84,4,4,unresolved
2021,18,WA,SBIR,Phase II,45,42,-3,3,unresolved
2021,18,WA,STTR,Phase I,19,20,1,1,unresolved
2021,18,WA,STTR,Phase II,5,5,0,0,exact
2021,18,WI,SBIR,Phase I,32,33,1,1,unresolved
2021,18,WI,SBIR,Phase II,8,8,0,0,exact
2021,18,WI,STTR,Phase I,3,4,1,1,unresolved
2021,18,WI,STTR,Phase II,1,1,0,0,exact
2021,18,WV,SBIR,Phase I,3,2,-1,1,unresolved
2021,18,WV,SBIR,Phase II,1,1,0,0,exact
2021,18,WV,STTR,Phase I,4,4,0,0,exact
2021,18,WV,STTR,Phase II,1,1,0,0,exact
2021,18,WY,SBIR,Phase I,8,12,4,4,unresolved
2021,18,WY,SBIR,Phase II,0,1,1,1,unresolved
2021,18,WY,STTR,Phase I,2,1,-1,1,unresolved
2021,18,WY,STTR,Phase II,0,0,0,0,exact
2022,20,AK,SBIR,Phase I,2,2,0,0,exact
2022,20,AK,SBIR,Phase II,3,3,0,0,exact
2022,20,AK,STTR,Phase I,1,1,0,0,exact
2022,20,AK,STTR,Phase II,0,0,0,0,exact
2022,20,AL,SBIR,Phase I,81,82,1,1,unresolved
2022,20,AL,SBIR,Phase II,41,44,3,3,unresolved
2022,20,AL,STTR,Phase I,26,26,0,0,exact
2022,20,AL,STTR,Phase II,11,11,0,0,exact
2022,20,AR,SBIR,Phase I,13,13,0,0,exact
2022,20,AR,SBIR,Phase II,3,4,1,1,unresolved
2022,20,AR,STTR,Phase I,1,1,0,0,exact
2022,20,AR,STTR,Phase II,2,2,0,0,exact
2022,20,AZ,SBIR,Phase I,60,59,-1,1,unresolved
2022,20,AZ,SBIR,Phase II,46,46,0,0,exact
2022,20,AZ,STTR,Phase I,27,23,-4,4,unresolved
2022,20,AZ,STTR,Phase II,7,7,0,0,exact
2022,20,CA,SBIR,Phase I,594,595,1,1,unresolved
2022,20,CA,SBIR,Phase II,498,500,2,2,unresolved
2022,20,CA,STTR,Phase I,124,125,1,1,unresolved
2022,20,CA,STTR,Phase II,60,59,-1,1,unresolved
2022,20,CO,SBIR,Phase I,146,149,3,3,unresolved
2022,20,CO,SBIR,Phase II,115,121,6,6,unresolved
2022,20,CO,STTR,Phase I,39,44,5,5,unresolved
2022,20,CO,STTR,Phase II,14,15,1,1,unresolved
2022,20,CT,SBIR,Phase I,49,49,0,0,exact
2022,20,CT,SBIR,Phase II,21,21,0,0,exact
2022,20,CT,STTR,Phase I,11,12,1,1,unresolved
2022,20,CT,STTR,Phase II,3,3,0,0,exact
2022,20,DC,SBIR,Phase I,15,12,-3,3,unresolved
2022,20,DC,SBIR,Phase II,9,12,3,3,unresolved
2022,20,DC,STTR,Phase I,4,2,-2,2,unresolved
2022,20,DC,STTR,Phase II,1,2,1,1,unresolved
2022,20,DE,SBIR,Phase I,20,16,-4,4,unresolved
2022,20,DE,SBIR,Phase II,14,11,-3,3,unresolved
2022,20,DE,STTR,Phase I,9,9,0,0,exact
2022,20,DE,STTR,Phase II,2,2,0,0,exact
2022,20,FL,SBIR,Phase I,83,90,7,7,unresolved
2022,20,FL,SBIR,Phase II,89,94,5,5,unresolved
2022,20,FL,STTR,Phase I,42,45,3,3,unresolved
2022,20,FL,STTR,Phase II,12,13,1,1,unresolved
2022,20,GA,SBIR,Phase I,29,31,2,2,unresolved
2022,20,GA,SBIR,Phase II,28,29,1,1,unresolved
2022,20,GA,STTR,Phase I,21,21,0,0,exact
2022,20,GA,STTR,Phase II,5,5,0,0,exact
2022,20,HI,SBIR,Phase I,20,20,0,0,exact
2022,20,HI,SBIR,Phase II,19,19,0,0,exact
2022,20,HI,STTR,Phase I,4,4,0,0,exact
2022,20,HI,STTR,Phase II,3,3,0,0,exact
2022,20,IA,SBIR,Phase I,14,14,0,0,exact
2022,20,IA,SBIR,Phase II,4,4,0,0,exact
2022,20,IA,STTR,Phase I,2,2,0,0,exact
2022,20,IA,STTR,Phase II,0,0,0,0,exact
2022,20,ID,SBIR,Phase I,9,8,-1,1,unresolved
2022,20,ID,SBIR,Phase II,5,3,-2,2,unresolved
2022,20,ID,STTR,Phase I,2,2,0,0,exact
2022,20,ID,STTR,Phase II,1,1,0,0,exact
2022,20,IL,SBIR,Phase I,60,65,5,5,unresolved
2022,20,IL,SBIR,Phase II,56,57,1,1,unresolved
2022,20,IL,STTR,Phase I,17,19,2,2,unresolved
2022,20,IL,STTR,Phase II,14,16,2,2,unresolved
2022,20,IN,SBIR,Phase I,22,22,0,0,exact
2022,20,IN,SBIR,Phase II,21,23,2,2,unresolved
2022,20,IN,STTR,Phase I,13,13,0,0,exact
2022,20,IN,STTR,Phase II,5,5,0,0,exact
2022,20,KS,SBIR,Phase I,8,7,-1,1,unresolved
2022,20,KS,SBIR,Phase II,8,8,0,0,exact
2022,20,KS,STTR,Phase I,5,5,0,0,exact
2022,20,KS,STTR,Phase II,0,0,0,0,exact
2022,20,KY,SBIR,Phase I,13,13,0,0,exact
2022,20,KY,SBIR,Phase II,11,11,0,0,exact
2022,20,KY,STTR,Phase I,7,5,-2,2,unresolved
2022,20,KY,STTR,Phase II,5,5,0,0,exact
2022,20,LA,SBIR,Phase I,10,10,0,0,exact
2022,20,LA,SBIR,Phase II,12,12,0,0,exact
2022,20,LA,STTR,Phase I,10,10,0,0,exact
2022,20,LA,STTR,Phase II,2,2,0,0,exact
2022,20,MA,SBIR,Phase I,299,303,4,4,unresolved
2022,20,MA,SBIR,Phase II,234,235,1,1,unresolved
2022,20,MA,STTR,Phase I,72,73,1,1,unresolved
2022,20,MA,STTR,Phase II,29,30,1,1,unresolved
2022,20,MD,SBIR,Phase I,104,110,6,6,unresolved
2022,20,MD,SBIR,Phase II,84,82,-2,2,unresolved
2022,20,MD,STTR,Phase I,34,40,6,6,unresolved
2022,20,MD,STTR,Phase II,11,9,-2,2,unresolved
2022,20,ME,SBIR,Phase I,4,4,0,0,exact
2022,20,ME,SBIR,Phase II,2,2,0,0,exact
2022,20,ME,STTR,Phase I,1,1,0,0,exact
2022,20,ME,STTR,Phase II,0,0,0,0,exact
2022,20,MI,SBIR,Phase I,53,54,1,1,unresolved
2022,20,MI,SBIR,Phase II,44,42,-2,2,unresolved
2022,20,MI,STTR,Phase I,22,22,0,0,exact
2022,20,MI,STTR,Phase II,7,7,0,0,exact
2022,20,MN,SBIR,Phase I,35,35,0,0,exact
2022,20,MN,SBIR,Phase II,31,33,2,2,unresolved
2022,20,MN,STTR,Phase I,15,14,-1,1,unresolved
2022,20,MN,STTR,Phase II,5,4,-1,1,unresolved
2022,20,MO,SBIR,Phase I,18,19,1,1,unresolved
2022,20,MO,SBIR,Phase II,17,18,1,1,unresolved
2022,20,MO,STTR,Phase I,8,7,-1,1,unresolved
2022,20,MO,STTR,Phase II,4,3,-1,1,unresolved
2022,20,MS,SBIR,Phase I,1,1,0,0,exact
2022,20,MS,SBIR,Phase II,0,0,0,0,exact
2022,20,MS,STTR,Phase I,0,0,0,0,exact
2022,20,MS,STTR,Phase II,1,1,0,0,exact
2022,20,MT,SBIR,Phase I,10,10,0,0,exact
2022,20,MT,SBIR,Phase II,8,8,0,0,exact
2022,20,MT,STTR,Phase I,5,4,-1,1,unresolved
2022,20,MT,STTR,Phase II,2,2,0,0,exact
2022,20,NC,SBIR,Phase I,84,92,8,8,unresolved
2022,20,NC,SBIR,Phase II,74,80,6,6,unresolved
2022,20,NC,STTR,Phase I,35,33,-2,2,unresolved
2022,20,NC,STTR,Phase II,9,9,0,0,exact
2022,20,ND,SBIR,Phase I,1,2,1,1,unresolved
2022,20,ND,SBIR,Phase II,0,0,0,0,exact
2022,20,ND,STTR,Phase I,0,0,0,0,exact
2022,20,ND,STTR,Phase II,0,0,0,0,exact
2022,20,NE,SBIR,Phase I,5,4,-1,1,unresolved
2022,20,NE,SBIR,Phase II,6,6,0,0,exact
2022,20,NE,STTR,Phase I,0,0,0,0,exact
2022,20,NE,STTR,Phase II,1,1,0,0,exact
2022,20,NH,SBIR,Phase I,33,34,1,1,unresolved
2022,20,NH,SBIR,Phase II,33,31,-2,2,unresolved
2022,20,NH,STTR,Phase I,16,16,0,0,exact
2022,20,NH,STTR,Phase II,1,1,0,0,exact
2022,20,NJ,SBIR,Phase I,41,42,1,1,unresolved
2022,20,NJ,SBIR,Phase II,41,45,4,4,unresolved
2022,20,NJ,STTR,Phase I,19,21,2,2,unresolved
2022,20,NJ,STTR,Phase II,6,6,0,0,exact
2022,20,NM,SBIR,Phase I,30,30,0,0,exact
2022,20,NM,SBIR,Phase II,25,25,0,0,exact
2022,20,NM,STTR,Phase I,8,8,0,0,exact
2022,20,NM,STTR,Phase II,8,7,-1,1,unresolved
2022,20,NV,SBIR,Phase I,4,5,1,1,unresolved
2022,20,NV,SBIR,Phase II,3,4,1,1,unresolved
2022,20,NV,STTR,Phase I,2,3,1,1,unresolved
2022,20,NV,STTR,Phase II,1,1,0,0,exact
2022,20,NY,SBIR,Phase I,136,136,0,0,exact
2022,20,NY,SBIR,Phase II,116,113,-3,3,unresolved
2022,20,NY,STTR,Phase I,36,34,-2,2,unresolved
2022,20,NY,STTR,Phase II,14,15,1,1,unresolved
2022,20,OH,SBIR,Phase I,116,114,-2,2,unresolved
2022,20,OH,SBIR,Phase II,83,83,0,0,exact
2022,20,OH,STTR,Phase I,45,45,0,0,exact
2022,20,OH,STTR,Phase II,19,21,2,2,unresolved
2022,20,OK,SBIR,Phase I,9,10,1,1,unresolved
2022,20,OK,SBIR,Phase II,7,6,-1,1,unresolved
2022,20,OK,STTR,Phase I,5,4,-1,1,unresolved
2022,20,OK,STTR,Phase II,6,5,-1,1,unresolved
2022,20,OR,SBIR,Phase I,39,38,-1,1,unresolved
2022,20,OR,SBIR,Phase II,23,23,0,0,exact
2022,20,OR,STTR,Phase I,9,8,-1,1,unresolved
2022,20,OR,STTR,Phase II,1,1,0,0,exact
2022,20,PA,SBIR,Phase I,114,109,-5,5,unresolved
2022,20,PA,SBIR,Phase II,105,102,-3,3,unresolved
2022,20,PA,STTR,Phase I,33,34,1,1,unresolved
2022,20,PA,STTR,Phase II,12,12,0,0,exact
2022,20,PR,SBIR,Phase I,4,4,0,0,exact
2022,20,PR,SBIR,Phase II,1,1,0,0,exact
2022,20,PR,STTR,Phase I,0,0,0,0,exact
2022,20,PR,STTR,Phase II,0,0,0,0,exact
2022,20,RI,SBIR,Phase I,14,13,-1,1,unresolved
2022,20,RI,SBIR,Phase II,5,6,1,1,unresolved
2022,20,RI,STTR,Phase I,4,4,0,0,exact
2022,20,RI,STTR,Phase II,1,0,-1,1,unresolved
2022,20,SC,SBIR,Phase I,14,16,2,2,unresolved
2022,20,SC,SBIR,Phase II,13,13,0,0,exact
2022,20,SC,STTR,Phase I,13,14,1,1,unresolved
2022,20,SC,STTR,Phase II,1,2,1,1,unresolved
2022,20,SD,SBIR,Phase I,5,4,-1,1,unresolved
2022,20,SD,SBIR,Phase II,2,1,-1,1,unresolved
2022,20,SD,STTR,Phase I,1,1,0,0,exact
2022,20,SD,STTR,Phase II,2,2,0,0,exact
2022,20,TN,SBIR,Phase I,17,16,-1,1,unresolved
2022,20,TN,SBIR,Phase II,17,16,-1,1,unresolved
2022,20,TN,STTR,Phase I,14,14,0,0,exact
2022,20,TN,STTR,Phase II,6,6,0,0,exact
2022,20,TX,SBIR,Phase I,174,179,5,5,unresolved
2022,20,TX,SBIR,Phase II,138,143,5,5,unresolved
2022,20,TX,STTR,Phase I,73,72,-1,1,unresolved
2022,20,TX,STTR,Phase II,22,21,-1,1,unresolved
2022,20,UT,SBIR,Phase I,46,47,1,1,unresolved
2022,20,UT,SBIR,Phase II,27,29,2,2,unresolved
2022,20,UT,STTR,Phase I,11,11,0,0,exact
2022,20,UT,STTR,Phase II,7,7,0,0,exact
2022,20,VA,SBIR,Phase I,168,165,-3,3,unresolved
2022,20,VA,SBIR,Phase II,135,132,-3,3,unresolved
2022,20,VA,STTR,Phase I,58,57,-1,1,unresolved
2022,20,VA,STTR,Phase II,18,19,1,1,unresolved
2022,20,VT,SBIR,Phase I,4,4,0,0,exact
2022,20,VT,SBIR,Phase II,7,8,1,1,unresolved
2022,20,VT,STTR,Phase I,2,2,0,0,exact
2022,20,VT,STTR,Phase II,1,1,0,0,exact
2022,20,WA,SBIR,Phase I,60,57,-3,3,unresolved
2022,20,WA,SBIR,Phase II,53,52,-1,1,unresolved
2022,20,WA,STTR,Phase I,15,14,-1,1,unresolved
2022,20,WA,STTR,Phase II,12,12,0,0,exact
2022,20,WI,SBIR,Phase I,26,26,0,0,exact
2022,20,WI,SBIR,Phase II,20,19,-1,1,unresolved
2022,20,WI,STTR,Phase I,8,8,0,0,exact
2022,20,WI,STTR,Phase II,2,3,1,1,unresolved
2022,20,WV,SBIR,Phase I,2,3,1,1,unresolved
2022,20,WV,SBIR,Phase II,4,4,0,0,exact
2022,20,WV,STTR,Phase I,2,2,0,0,exact
2022,20,WV,STTR,Phase II,0,0,0,0,exact
2022,20,WY,SBIR,Phase I,9,8,-1,1,unresolved
2022,20,WY,SBIR,Phase II,7,8,1,1,unresolved
2022,20,WY,STTR,Phase I,1,2,1,1,unresolved
2022,20,WY,STTR,Phase II,0,0,0,0,exact
